_id,userId,consumerId,mobileNumber,aadharNumber,fullName,email,dateOfBirth,gender,alternatePhone,address.line1,address.line2,address.city,address.district,address.state,address.pincode,address.country,occupation,emergencyContact.name,emergencyContact.phone,emergencyContact.relation,__v
6989f6f110d6138cbc882e9d,6989f6f110d6138cbc882e38,CONS010001,9800000001,200000000001,Gurunada rao ,gurunadharao5718@gmail.com,1964-07-19T08:49:55.890Z,Male,919500000001,"1/123, Krishnan Street",Arun Nagar,Chennai,Chennai,Tamil Nadu,620001,India,Business,Karthik Selvam,919700000001,Spouse,0
6989f6f110d6138cbc882e9e,6989f6f110d6138cbc882e39,CONS010002,9800000002,200000000002,Bharathi Subramanian,bharathi.subramanian2@gmail.com,1990-03-16T00:48:39.601Z,Female,,"2/123, Subramanian Street",Bharathi Nagar,Coimbatore,Coimbatore,Tamil Nadu,620002,India,Service,Lakshmi Raman,919700000002,Parent,0
6989f6f110d6138cbc882e9f,6989f6f110d6138cbc882e3a,CONS010003,9800000003,200000000003,Chandran Natarajan,chandran.natarajan3@gmail.com,1991-12-25T09:15:05.938Z,Male,,"3/123, Natarajan Street",Chandran Nagar,Madurai,Madurai,Tamil Nadu,620003,India,Self-Employed,Murugan Sundaram,919700000003,Sibling,0
6989f6f110d6138cbc882ea0,6989f6f110d6138cbc882e3b,CONS010004,9800000004,200000000004,Deepa Pillai,deepa.pillai4@gmail.com,1969-01-11T09:07:53.296Z,Female,919500000004,"4/123, Pillai Street",Deepa Nagar,Tiruchirappalli,Tiruchirappalli,Tamil Nadu,620004,India,Student,Nithya Venkatesh,919700000004,Spouse,0
6989f6f110d6138cbc882ea1,6989f6f110d6138cbc882e3c,CONS010005,9800000005,200000000005,Ezhil Murugesan,ezhil.murugesan5@gmail.com,1987-07-04T21:31:19.206Z,Male,,"5/123, Murugesan Street",Ezhil Nagar,Salem,Salem,Tamil Nadu,620005,India,Business,Oviya Palani,919700000005,Parent,0
6989f6f110d6138cbc882ea2,6989f6f110d6138cbc882e3d,CONS010006,9800000006,200000000006,Fathima Selvam,fathima.selvam6@gmail.com,1963-04-03T14:52:16.626Z,Female,,"6/123, Selvam Street",Fathima Nagar,Tirunelveli,Tirunelveli,Tamil Nadu,620006,India,Service,Priya Durai,919700000006,Sibling,0
6989f6f110d6138cbc882ea3,6989f6f110d6138cbc882e3e,CONS010007,9800000007,200000000007,Ganesh Raman,ganesh.raman7@gmail.com,1963-09-11T02:20:17.024Z,Male,919500000007,"7/123, Raman Street",Ganesh Nagar,Erode,Erode,Tamil Nadu,620007,India,Self-Employed,Rajan Pandian,919700000007,Spouse,0
6989f6f110d6138cbc882ea4,6989f6f110d6138cbc882e3f,CONS010008,9800000008,200000000008,Hema Sundaram,hema.sundaram8@gmail.com,1969-05-10T22:49:48.364Z,Female,,"8/123, Sundaram Street",Hema Nagar,Vellore,Vellore,Tamil Nadu,620008,India,Student,Saranya Shanmugam,919700000008,Parent,0
6989f6f110d6138cbc882ea5,6989f6f110d6138cbc882e40,CONS010009,9800000009,200000000009,Iyappan Venkatesh,iyappan.venkatesh9@gmail.com,1969-05-28T17:36:15.817Z,Male,,"9/123, Venkatesh Street",Iyappan Nagar,Thanjavur,Thanjavur,Tamil Nadu,620009,India,Business,Thiru Govindan,919700000009,Sibling,0
6989f6f110d6138cbc882ea6,6989f6f110d6138cbc882e41,CONS010010,9800000010,200000000010,Janani Palani,janani.palani10@gmail.com,1974-09-22T17:55:31.199Z,Female,919500000010,"10/123, Palani Street",Janani Nagar,Dindigul,Dindigul,Tamil Nadu,620010,India,Service,Uma Arumugam,919700000010,Spouse,0
6989f6f110d6138cbc882ea7,6989f6f110d6138cbc882e42,CONS010011,9800000011,200000000011,Karthik Durai,karthik.durai11@gmail.com,1979-02-15T21:43:10.849Z,Male,,"11/123, Durai Street",Karthik Nagar,Chennai,Chennai,Tamil Nadu,620011,India,Self-Employed,Velu Manickam,919700000011,Parent,0
6989f6f110d6138cbc882ea8,6989f6f110d6138cbc882e43,CONS010012,9800000012,200000000012,Lakshmi Pandian,lakshmi.pandian12@gmail.com,1982-01-31T17:52:16.254Z,Female,,"12/123, Pandian Street",Lakshmi Nagar,Coimbatore,Coimbatore,Tamil Nadu,620012,India,Student,Yamuna Chelladurai,919700000012,Sibling,0
6989f6f110d6138cbc882ea9,6989f6f110d6138cbc882e44,CONS010013,9800000013,200000000013,Murugan Shanmugam,murugan.shanmugam13@gmail.com,1984-06-18T10:04:39.897Z,Male,919500000013,"13/123, Shanmugam Street",Murugan Nagar,Madurai,Madurai,Tamil Nadu,620013,India,Business,Senthil Muthusamy,919700000013,Spouse,0
6989f6f110d6138cbc882eaa,6989f6f110d6138cbc882e45,CONS010014,9800000014,200000000014,Nithya Govindan,nithya.govindan14@gmail.com,1972-10-11T08:37:53.158Z,Female,,"14/123, Govindan Street",Nithya Nagar,Tiruchirappalli,Tiruchirappalli,Tamil Nadu,620014,India,Service,Kavitha Ramasamy,919700000014,Parent,0
6989f6f110d6138cbc882eab,6989f6f110d6138cbc882e46,CONS010015,9800000015,200000000015,Oviya Arumugam,oviya.arumugam15@gmail.com,1971-04-29T16:55:01.667Z,Male,,"15/123, Arumugam Street",Oviya Nagar,Salem,Salem,Tamil Nadu,620015,India,Self-Employed,Bala Velan,919700000015,Sibling,0
6989f6f110d6138cbc882eac,6989f6f110d6138cbc882e47,CONS010016,9800000016,200000000016,Priya Manickam,priya.manickam16@gmail.com,1974-07-24T05:31:25.881Z,Female,919500000016,"16/123, Manickam Street",Priya Nagar,Tirunelveli,Tirunelveli,Tamil Nadu,620016,India,Student,Divya Krishnan,919700000016,Spouse,0
6989f6f110d6138cbc882ead,6989f6f110d6138cbc882e48,CONS010017,9800000017,200000000017,Rajan Chelladurai,rajan.chelladurai17@gmail.com,1984-10-24T18:34:53.436Z,Male,,"17/123, Chelladurai Street",Rajan Nagar,Erode,Erode,Tamil Nadu,620017,India,Business,Gokul Subramanian,919700000017,Parent,0
6989f6f110d6138cbc882eae,6989f6f110d6138cbc882e49,CONS010018,9800000018,200000000018,Saranya Muthusamy,saranya.muthusamy18@gmail.com,1967-08-14T04:51:30.623Z,Female,,"18/123, Muthusamy Street",Saranya Nagar,Vellore,Vellore,Tamil Nadu,620018,India,Service,Harini Natarajan,919700000018,Sibling,0
6989f6f110d6138cbc882eaf,6989f6f110d6138cbc882e4a,CONS010019,9800000019,200000000019,Thiru Ramasamy,thiru.ramasamy19@gmail.com,1969-12-05T16:22:15.008Z,Male,919500000019,"19/123, Ramasamy Street",Thiru Nagar,Thanjavur,Thanjavur,Tamil Nadu,620019,India,Self-Employed,Ilango Pillai,919700000019,Spouse,0
6989f6f110d6138cbc882eb0,6989f6f110d6138cbc882e4b,CONS010020,9800000020,200000000020,Uma Velan,uma.velan20@gmail.com,1975-07-13T00:36:29.646Z,Female,,"20/123, Velan Street",Uma Nagar,Dindigul,Dindigul,Tamil Nadu,620020,India,Student,Jaya Murugesan,919700000020,Parent,0
6989f6f110d6138cbc882eb1,6989f6f110d6138cbc882e4c,CONS010021,9800000021,200000000021,Velu Krishnan,velu.krishnan21@gmail.com,1998-09-16T03:05:14.805Z,Male,,"21/123, Krishnan Street",Velu Nagar,Chennai,Chennai,Tamil Nadu,620021,India,Business,Kumar Selvam,919700000021,Sibling,0
6989f6f110d6138cbc882eb2,6989f6f110d6138cbc882e4d,CONS010022,9800000022,200000000022,Yamuna Subramanian,yamuna.subramanian22@gmail.com,1967-12-24T14:05:17.714Z,Female,919500000022,"22/123, Subramanian Street",Yamuna Nagar,Coimbatore,Coimbatore,Tamil Nadu,620022,India,Service,Mala Raman,919700000022,Spouse,0
6989f6f110d6138cbc882eb3,6989f6f110d6138cbc882e4e,CONS010023,9800000023,200000000023,Senthil Natarajan,senthil.natarajan23@gmail.com,1967-11-01T02:32:19.471Z,Male,,"23/123, Natarajan Street",Senthil Nagar,Madurai,Madurai,Tamil Nadu,620023,India,Self-Employed,Naveen Sundaram,919700000023,Parent,0
6989f6f110d6138cbc882eb4,6989f6f110d6138cbc882e4f,CONS010024,9800000024,200000000024,Kavitha Pillai,kavitha.pillai24@gmail.com,1978-10-05T07:17:11.838Z,Female,,"24/123, Pillai Street",Kavitha Nagar,Tiruchirappalli,Tiruchirappalli,Tamil Nadu,620024,India,Student,Padma Venkatesh,919700000024,Sibling,0
6989f6f110d6138cbc882eb5,6989f6f110d6138cbc882e50,CONS010025,9800000025,200000000025,Bala Murugesan,bala.murugesan25@gmail.com,1998-09-02T13:15:10.852Z,Male,919500000025,"25/123, Murugesan Street",Bala Nagar,Salem,Salem,Tamil Nadu,620025,India,Business,Ramesh Palani,919700000025,Spouse,0
6989f6f110d6138cbc882eb6,6989f6f110d6138cbc882e51,CONS010026,9800000026,200000000026,Divya Selvam,divya.selvam26@gmail.com,1991-08-03T00:37:55.067Z,Female,,"26/123, Selvam Street",Divya Nagar,Tirunelveli,Tirunelveli,Tamil Nadu,620026,India,Service,Siva Durai,919700000026,Parent,0
6989f6f110d6138cbc882eb7,6989f6f110d6138cbc882e52,CONS010027,9800000027,200000000027,Gokul Raman,gokul.raman27@gmail.com,1998-05-14T16:58:42.664Z,Male,,"27/123, Raman Street",Gokul Nagar,Erode,Erode,Tamil Nadu,620027,India,Self-Employed,Tamilselvi Pandian,919700000027,Sibling,0
6989f6f110d6138cbc882eb8,6989f6f110d6138cbc882e53,CONS010028,9800000028,200000000028,Harini Sundaram,harini.sundaram28@gmail.com,1981-10-14T00:09:55.359Z,Female,919500000028,"28/123, Sundaram Street",Harini Nagar,Vellore,Vellore,Tamil Nadu,620028,India,Student,Usha Shanmugam,919700000028,Spouse,0
6989f6f110d6138cbc882eb9,6989f6f110d6138cbc882e54,CONS010029,9800000029,200000000029,Ilango Venkatesh,ilango.venkatesh29@gmail.com,1985-09-20T09:44:51.299Z,Male,,"29/123, Venkatesh Street",Ilango Nagar,Thanjavur,Thanjavur,Tamil Nadu,620029,India,Business,Vijay Govindan,919700000029,Parent,0
6989f6f110d6138cbc882eba,6989f6f110d6138cbc882e55,CONS010030,9800000030,200000000030,Jaya Palani,jaya.palani30@gmail.com,1953-08-21T15:47:44.591Z,Female,,"30/123, Palani Street",Jaya Nagar,Dindigul,Dindigul,Tamil Nadu,620030,India,Service,Anitha Arumugam,919700000030,Sibling,0
6989f6f110d6138cbc882ebb,6989f6f110d6138cbc882e56,CONS010031,9800000031,200000000031,Kumar Durai,kumar.durai31@gmail.com,1959-04-17T23:02:13.623Z,Male,919500000031,"31/123, Durai Street",Kumar Nagar,Chennai,Chennai,Tamil Nadu,620031,India,Self-Employed,Deva Manickam,919700000031,Spouse,0
6989f6f110d6138cbc882ebc,6989f6f110d6138cbc882e57,CONS010032,9800000032,200000000032,Mala Pandian,mala.pandian32@gmail.com,1990-09-20T09:48:57.105Z,Female,,"32/123, Pandian Street",Mala Nagar,Coimbatore,Coimbatore,Tamil Nadu,620032,India,Student,Geetha Chelladurai,919700000032,Parent,0
6989f6f110d6138cbc882ebd,6989f6f110d6138cbc882e58,CONS010033,9800000033,200000000033,Naveen Shanmugam,naveen.shanmugam33@gmail.com,1988-05-24T14:37:12.772Z,Male,,"33/123, Shanmugam Street",Naveen Nagar,Madurai,Madurai,Tamil Nadu,620033,India,Business,Hari Muthusamy,919700000033,Sibling,0
6989f6f110d6138cbc882ebe,6989f6f110d6138cbc882e59,CONS010034,9800000034,200000000034,Padma Govindan,padma.govindan34@gmail.com,1971-04-14T06:21:38.437Z,Female,919500000034,"34/123, Govindan Street",Padma Nagar,Tiruchirappalli,Tiruchirappalli,Tamil Nadu,620034,India,Service,Indira Ramasamy,919700000034,Spouse,0
6989f6f110d6138cbc882ebf,6989f6f110d6138cbc882e5a,CONS010035,9800000035,200000000035,Ramesh Arumugam,ramesh.arumugam35@gmail.com,1967-04-25T20:28:17.922Z,Male,,"35/123, Arumugam Street",Ramesh Nagar,Salem,Salem,Tamil Nadu,620035,India,Self-Employed,Kamal Velan,919700000035,Parent,0
6989f6f110d6138cbc882ec0,6989f6f110d6138cbc882e5b,CONS010036,9800000036,200000000036,Siva Manickam,siva.manickam36@gmail.com,1977-08-26T07:05:41.706Z,Female,,"36/123, Manickam Street",Siva Nagar,Tirunelveli,Tirunelveli,Tamil Nadu,620036,India,Student,Mani Krishnan,919700000036,Sibling,0
6989f6f110d6138cbc882ec1,6989f6f110d6138cbc882e5c,CONS010037,9800000037,200000000037,Tamilselvi Chelladurai,tamilselvi.chelladurai37@gmail.com,1960-10-23T11:28:27.281Z,Male,919500000037,"37/123, Chelladurai Street",Tamilselvi Nagar,Erode,Erode,Tamil Nadu,620037,India,Business,Naga Subramanian,919700000037,Spouse,0
6989f6f110d6138cbc882ec2,6989f6f110d6138cbc882e5d,CONS010038,9800000038,200000000038,Usha Muthusamy,usha.muthusamy38@gmail.com,1962-12-06T00:10:37.179Z,Female,,"38/123, Muthusamy Street",Usha Nagar,Vellore,Vellore,Tamil Nadu,620038,India,Service,Pandi Natarajan,919700000038,Parent,0
6989f6f110d6138cbc882ec3,6989f6f110d6138cbc882e5e,CONS010039,9800000039,200000000039,Vijay Ramasamy,vijay.ramasamy39@gmail.com,1971-01-05T23:08:45.886Z,Male,,"39/123, Ramasamy Street",Vijay Nagar,Thanjavur,Thanjavur,Tamil Nadu,620039,India,Self-Employed,Rajesh Pillai,919700000039,Sibling,0
6989f6f110d6138cbc882ec4,6989f6f110d6138cbc882e5f,CONS010040,9800000040,200000000040,Anitha Velan,anitha.velan40@gmail.com,1966-05-17T19:54:47.404Z,Female,919500000040,"40/123, Velan Street",Anitha Nagar,Dindigul,Dindigul,Tamil Nadu,620040,India,Student,Suganya Murugesan,919700000040,Spouse,0
6989f6f110d6138cbc882ec5,6989f6f110d6138cbc882e60,CONS010041,9800000041,200000000041,Deva Krishnan,deva.krishnan41@gmail.com,1993-06-01T17:40:02.385Z,Male,,"41/123, Krishnan Street",Deva Nagar,Chennai,Chennai,Tamil Nadu,620041,India,Business,Arun Selvam,919700000041,Parent,0
6989f6f110d6138cbc882ec6,6989f6f110d6138cbc882e61,CONS010042,9800000042,200000000042,Geetha Subramanian,geetha.subramanian42@gmail.com,1960-04-21T18:17:36.392Z,Female,,"42/123, Subramanian Street",Geetha Nagar,Coimbatore,Coimbatore,Tamil Nadu,620042,India,Service,Bharathi Raman,919700000042,Sibling,0
6989f6f110d6138cbc882ec7,6989f6f110d6138cbc882e62,CONS010043,9800000043,200000000043,Hari Natarajan,hari.natarajan43@gmail.com,1978-07-19T23:22:27.527Z,Male,919500000043,"43/123, Natarajan Street",Hari Nagar,Madurai,Madurai,Tamil Nadu,620043,India,Self-Employed,Chandran Sundaram,919700000043,Spouse,0
6989f6f110d6138cbc882ec8,6989f6f110d6138cbc882e63,CONS010044,9800000044,200000000044,Indira Pillai,indira.pillai44@gmail.com,1956-01-06T04:56:45.315Z,Female,,"44/123, Pillai Street",Indira Nagar,Tiruchirappalli,Tiruchirappalli,Tamil Nadu,620044,India,Student,Deepa Venkatesh,919700000044,Parent,0
6989f6f110d6138cbc882ec9,6989f6f110d6138cbc882e64,CONS010045,9800000045,200000000045,Kamal Murugesan,kamal.murugesan45@gmail.com,1970-09-08T20:44:14.066Z,Male,,"45/123, Murugesan Street",Kamal Nagar,Salem,Salem,Tamil Nadu,620045,India,Business,Ezhil Palani,919700000045,Sibling,0
6989f6f110d6138cbc882eca,6989f6f110d6138cbc882e65,CONS010046,9800000046,200000000046,Mani Selvam,mani.selvam46@gmail.com,1990-06-18T22:46:17.484Z,Female,919500000046,"46/123, Selvam Street",Mani Nagar,Tirunelveli,Tirunelveli,Tamil Nadu,620046,India,Service,Fathima Durai,919700000046,Spouse,0
6989f6f110d6138cbc882ecb,6989f6f110d6138cbc882e66,CONS010047,9800000047,200000000047,Naga Raman,naga.raman47@gmail.com,1971-03-30T01:02:22.033Z,Male,,"47/123, Raman Street",Naga Nagar,Erode,Erode,Tamil Nadu,620047,India,Self-Employed,Ganesh Pandian,919700000047,Parent,0
6989f6f110d6138cbc882ecc,6989f6f110d6138cbc882e67,CONS010048,9800000048,200000000048,Pandi Sundaram,pandi.sundaram48@gmail.com,1959-08-17T19:07:58.332Z,Female,,"48/123, Sundaram Street",Pandi Nagar,Vellore,Vellore,Tamil Nadu,620048,India,Student,Hema Shanmugam,919700000048,Sibling,0
6989f6f110d6138cbc882ecd,6989f6f110d6138cbc882e68,CONS010049,9800000049,200000000049,Rajesh Venkatesh,rajesh.venkatesh49@gmail.com,1960-10-31T18:52:36.380Z,Male,919500000049,"49/123, Venkatesh Street",Rajesh Nagar,Thanjavur,Thanjavur,Tamil Nadu,620049,India,Business,Iyappan Govindan,919700000049,Spouse,0
6989f6f110d6138cbc882ece,6989f6f110d6138cbc882e69,CONS010050,9800000050,200000000050,Suganya Palani,suganya.palani50@gmail.com,1968-03-11T03:40:08.064Z,Female,,"50/123, Palani Street",Suganya Nagar,Dindigul,Dindigul,Tamil Nadu,620050,India,Service,Janani Arumugam,919700000050,Parent,0
6989f6f110d6138cbc882ecf,6989f6f110d6138cbc882e6a,CONS010051,9800000051,200000000051,Arun Durai,arun.durai51@gmail.com,1973-06-25T10:29:00.218Z,Male,,"51/123, Durai Street",Arun Nagar,Chennai,Chennai,Tamil Nadu,620051,India,Self-Employed,Karthik Manickam,919700000051,Sibling,0
6989f6f110d6138cbc882ed0,6989f6f110d6138cbc882e6b,CONS010052,9800000052,200000000052,Bharathi Pandian,bharathi.pandian52@gmail.com,1989-02-24T03:55:08.762Z,Female,919500000052,"52/123, Pandian Street",Bharathi Nagar,Coimbatore,Coimbatore,Tamil Nadu,620052,India,Student,Lakshmi Chelladurai,919700000052,Spouse,0
6989f6f110d6138cbc882ed1,6989f6f110d6138cbc882e6c,CONS010053,9800000053,200000000053,Chandran Shanmugam,chandran.shanmugam53@gmail.com,1989-12-09T10:55:10.579Z,Male,,"53/123, Shanmugam Street",Chandran Nagar,Madurai,Madurai,Tamil Nadu,620053,India,Business,Murugan Muthusamy,919700000053,Parent,0
6989f6f110d6138cbc882ed2,6989f6f110d6138cbc882e6d,CONS010054,9800000054,200000000054,Deepa Govindan,deepa.govindan54@gmail.com,1993-08-06T17:50:48.472Z,Female,,"54/123, Govindan Street",Deepa Nagar,Tiruchirappalli,Tiruchirappalli,Tamil Nadu,620054,India,Service,Nithya Ramasamy,919700000054,Sibling,0
6989f6f110d6138cbc882ed3,6989f6f110d6138cbc882e6e,CONS010055,9800000055,200000000055,Ezhil Arumugam,ezhil.arumugam55@gmail.com,1952-12-18T02:06:37.565Z,Male,919500000055,"55/123, Arumugam Street",Ezhil Nagar,Salem,Salem,Tamil Nadu,620055,India,Self-Employed,Oviya Velan,919700000055,Spouse,0
6989f6f110d6138cbc882ed4,6989f6f110d6138cbc882e6f,CONS010056,9800000056,200000000056,Fathima Manickam,fathima.manickam56@gmail.com,1991-01-27T11:23:09.940Z,Female,,"56/123, Manickam Street",Fathima Nagar,Tirunelveli,Tirunelveli,Tamil Nadu,620056,India,Student,Priya Krishnan,919700000056,Parent,0
6989f6f110d6138cbc882ed5,6989f6f110d6138cbc882e70,CONS010057,9800000057,200000000057,Ganesh Chelladurai,ganesh.chelladurai57@gmail.com,1958-01-15T19:13:59.471Z,Male,,"57/123, Chelladurai Street",Ganesh Nagar,Erode,Erode,Tamil Nadu,620057,India,Business,Rajan Subramanian,919700000057,Sibling,0
6989f6f110d6138cbc882ed6,6989f6f110d6138cbc882e71,CONS010058,9800000058,200000000058,Hema Muthusamy,hema.muthusamy58@gmail.com,1982-12-14T01:26:29.968Z,Female,919500000058,"58/123, Muthusamy Street",Hema Nagar,Vellore,Vellore,Tamil Nadu,620058,India,Service,Saranya Natarajan,919700000058,Spouse,0
6989f6f110d6138cbc882ed7,6989f6f110d6138cbc882e72,CONS010059,9800000059,200000000059,Iyappan Ramasamy,iyappan.ramasamy59@gmail.com,1960-12-11T21:05:54.327Z,Male,,"59/123, Ramasamy Street",Iyappan Nagar,Thanjavur,Thanjavur,Tamil Nadu,620059,India,Self-Employed,Thiru Pillai,919700000059,Parent,0
6989f6f110d6138cbc882ed8,6989f6f110d6138cbc882e73,CONS010060,9800000060,200000000060,Janani Velan,janani.velan60@gmail.com,1980-04-27T15:44:23.553Z,Female,,"60/123, Velan Street",Janani Nagar,Dindigul,Dindigul,Tamil Nadu,620060,India,Student,Uma Murugesan,919700000060,Sibling,0
6989f6f110d6138cbc882ed9,6989f6f110d6138cbc882e74,CONS010061,9800000061,200000000061,Karthik Krishnan,karthik.krishnan61@gmail.com,1967-03-28T11:31:57.632Z,Male,919500000061,"61/123, Krishnan Street",Karthik Nagar,Chennai,Chennai,Tamil Nadu,620061,India,Business,Velu Selvam,919700000061,Spouse,0
6989f6f110d6138cbc882eda,6989f6f110d6138cbc882e75,CONS010062,9800000062,200000000062,Lakshmi Subramanian,lakshmi.subramanian62@gmail.com,1990-08-05T16:24:38.255Z,Female,,"62/123, Subramanian Street",Lakshmi Nagar,Coimbatore,Coimbatore,Tamil Nadu,620062,India,Service,Yamuna Raman,919700000062,Parent,0
6989f6f110d6138cbc882edb,6989f6f110d6138cbc882e76,CONS010063,9800000063,200000000063,Murugan Natarajan,murugan.natarajan63@gmail.com,1992-07-25T10:06:17.718Z,Male,,"63/123, Natarajan Street",Murugan Nagar,Madurai,Madurai,Tamil Nadu,620063,India,Self-Employed,Senthil Sundaram,919700000063,Sibling,0
6989f6f110d6138cbc882edc,6989f6f110d6138cbc882e77,CONS010064,9800000064,200000000064,Nithya Pillai,nithya.pillai64@gmail.com,1980-06-01T17:29:54.685Z,Female,919500000064,"64/123, Pillai Street",Nithya Nagar,Tiruchirappalli,Tiruchirappalli,Tamil Nadu,620064,India,Student,Kavitha Venkatesh,919700000064,Spouse,0
6989f6f110d6138cbc882edd,6989f6f110d6138cbc882e78,CONS010065,9800000065,200000000065,Oviya Murugesan,oviya.murugesan65@gmail.com,1959-06-17T22:51:54.021Z,Male,,"65/123, Murugesan Street",Oviya Nagar,Salem,Salem,Tamil Nadu,620065,India,Business,Bala Palani,919700000065,Parent,0
6989f6f110d6138cbc882ede,6989f6f110d6138cbc882e79,CONS010066,9800000066,200000000066,Priya Selvam,priya.selvam66@gmail.com,1972-03-20T15:13:40.586Z,Female,,"66/123, Selvam Street",Priya Nagar,Tirunelveli,Tirunelveli,Tamil Nadu,620066,India,Service,Divya Durai,919700000066,Sibling,0
6989f6f110d6138cbc882edf,6989f6f110d6138cbc882e7a,CONS010067,9800000067,200000000067,Rajan Raman,rajan.raman67@gmail.com,1972-09-08T17:37:25.221Z,Male,919500000067,"67/123, Raman Street",Rajan Nagar,Erode,Erode,Tamil Nadu,620067,India,Self-Employed,Gokul Pandian,919700000067,Spouse,0
6989f6f110d6138cbc882ee0,6989f6f110d6138cbc882e7b,CONS010068,9800000068,200000000068,Saranya Sundaram,saranya.sundaram68@gmail.com,1967-02-20T07:34:20.353Z,Female,,"68/123, Sundaram Street",Saranya Nagar,Vellore,Vellore,Tamil Nadu,620068,India,Student,Harini Shanmugam,919700000068,Parent,0
6989f6f110d6138cbc882ee1,6989f6f110d6138cbc882e7c,CONS010069,9800000069,200000000069,Thiru Venkatesh,thiru.venkatesh69@gmail.com,1995-05-26T12:56:04.991Z,Male,,"69/123, Venkatesh Street",Thiru Nagar,Thanjavur,Thanjavur,Tamil Nadu,620069,India,Business,Ilango Govindan,919700000069,Sibling,0
6989f6f110d6138cbc882ee2,6989f6f110d6138cbc882e7d,CONS010070,9800000070,200000000070,Uma Palani,uma.palani70@gmail.com,1966-12-11T06:13:45.995Z,Female,919500000070,"70/123, Palani Street",Uma Nagar,Dindigul,Dindigul,Tamil Nadu,620070,India,Service,Jaya Arumugam,919700000070,Spouse,0
6989f6f110d6138cbc882ee3,6989f6f110d6138cbc882e7e,CONS010071,9800000071,200000000071,Velu Durai,velu.durai71@gmail.com,1996-08-23T22:04:21.116Z,Male,,"71/123, Durai Street",Velu Nagar,Chennai,Chennai,Tamil Nadu,620071,India,Self-Employed,Kumar Manickam,919700000071,Parent,0
6989f6f110d6138cbc882ee4,6989f6f110d6138cbc882e7f,CONS010072,9800000072,200000000072,Yamuna Pandian,yamuna.pandian72@gmail.com,1961-09-05T07:07:55.578Z,Female,,"72/123, Pandian Street",Yamuna Nagar,Coimbatore,Coimbatore,Tamil Nadu,620072,India,Student,Mala Chelladurai,919700000072,Sibling,0
6989f6f110d6138cbc882ee5,6989f6f110d6138cbc882e80,CONS010073,9800000073,200000000073,Senthil Shanmugam,senthil.shanmugam73@gmail.com,1966-12-05T14:16:43.571Z,Male,919500000073,"73/123, Shanmugam Street",Senthil Nagar,Madurai,Madurai,Tamil Nadu,620073,India,Business,Naveen Muthusamy,919700000073,Spouse,0
6989f6f110d6138cbc882ee6,6989f6f110d6138cbc882e81,CONS010074,9800000074,200000000074,Kavitha Govindan,kavitha.govindan74@gmail.com,1970-06-18T18:02:45.838Z,Female,,"74/123, Govindan Street",Kavitha Nagar,Tiruchirappalli,Tiruchirappalli,Tamil Nadu,620074,India,Service,Padma Ramasamy,919700000074,Parent,0
6989f6f110d6138cbc882ee7,6989f6f110d6138cbc882e82,CONS010075,9800000075,200000000075,Bala Arumugam,bala.arumugam75@gmail.com,1991-09-22T00:36:56.692Z,Male,,"75/123, Arumugam Street",Bala Nagar,Salem,Salem,Tamil Nadu,620075,India,Self-Employed,Ramesh Velan,919700000075,Sibling,0
6989f6f110d6138cbc882ee8,6989f6f110d6138cbc882e83,CONS010076,9800000076,200000000076,Divya Manickam,divya.manickam76@gmail.com,1992-04-21T01:14:05.359Z,Female,919500000076,"76/123, Manickam Street",Divya Nagar,Tirunelveli,Tirunelveli,Tamil Nadu,620076,India,Student,Siva Krishnan,919700000076,Spouse,0
6989f6f110d6138cbc882ee9,6989f6f110d6138cbc882e84,CONS010077,9800000077,200000000077,Gokul Chelladurai,gokul.chelladurai77@gmail.com,1956-08-08T04:12:44.132Z,Male,,"77/123, Chelladurai Street",Gokul Nagar,Erode,Erode,Tamil Nadu,620077,India,Business,Tamilselvi Subramanian,919700000077,Parent,0
6989f6f110d6138cbc882eea,6989f6f110d6138cbc882e85,CONS010078,9800000078,200000000078,Harini Muthusamy,harini.muthusamy78@gmail.com,1962-11-18T15:40:03.549Z,Female,,"78/123, Muthusamy Street",Harini Nagar,Vellore,Vellore,Tamil Nadu,620078,India,Service,Usha Natarajan,919700000078,Sibling,0
6989f6f110d6138cbc882eeb,6989f6f110d6138cbc882e86,CONS010079,9800000079,200000000079,Ilango Ramasamy,ilango.ramasamy79@gmail.com,1973-01-11T19:39:04.762Z,Male,919500000079,"79/123, Ramasamy Street",Ilango Nagar,Thanjavur,Thanjavur,Tamil Nadu,620079,India,Self-Employed,Vijay Pillai,919700000079,Spouse,0
6989f6f110d6138cbc882eec,6989f6f110d6138cbc882e87,CONS010080,9800000080,200000000080,Jaya Velan,jaya.velan80@gmail.com,1978-01-22T05:25:44.874Z,Female,,"80/123, Velan Street",Jaya Nagar,Dindigul,Dindigul,Tamil Nadu,620080,India,Student,Anitha Murugesan,919700000080,Parent,0
6989f6f110d6138cbc882eed,6989f6f110d6138cbc882e88,CONS010081,9800000081,200000000081,Kumar Krishnan,kumar.krishnan81@gmail.com,1997-01-02T01:17:44.739Z,Male,,"81/123, Krishnan Street",Kumar Nagar,Chennai,Chennai,Tamil Nadu,620081,India,Business,Deva Selvam,919700000081,Sibling,0
6989f6f110d6138cbc882eee,6989f6f110d6138cbc882e89,CONS010082,9800000082,200000000082,Mala Subramanian,mala.subramanian82@gmail.com,1995-04-22T03:33:47.509Z,Female,919500000082,"82/123, Subramanian Street",Mala Nagar,Coimbatore,Coimbatore,Tamil Nadu,620082,India,Service,Geetha Raman,919700000082,Spouse,0
6989f6f110d6138cbc882eef,6989f6f110d6138cbc882e8a,CONS010083,9800000083,200000000083,Naveen Natarajan,naveen.natarajan83@gmail.com,1984-07-13T01:09:46.015Z,Male,,"83/123, Natarajan Street",Naveen Nagar,Madurai,Madurai,Tamil Nadu,620083,India,Self-Employed,Hari Sundaram,919700000083,Parent,0
6989f6f110d6138cbc882ef0,6989f6f110d6138cbc882e8b,CONS010084,9800000084,200000000084,Padma Pillai,padma.pillai84@gmail.com,1964-04-01T17:54:00.047Z,Female,,"84/123, Pillai Street",Padma Nagar,Tiruchirappalli,Tiruchirappalli,Tamil Nadu,620084,India,Student,Indira Venkatesh,919700000084,Sibling,0
6989f6f110d6138cbc882ef1,6989f6f110d6138cbc882e8c,CONS010085,9800000085,200000000085,Ramesh Murugesan,ramesh.murugesan85@gmail.com,1951-11-03T11:18:48.865Z,Male,919500000085,"85/123, Murugesan Street",Ramesh Nagar,Salem,Salem,Tamil Nadu,620085,India,Business,Kamal Palani,919700000085,Spouse,0
6989f6f110d6138cbc882ef2,6989f6f110d6138cbc882e8d,CONS010086,9800000086,200000000086,Siva Selvam,siva.selvam86@gmail.com,1983-07-20T17:29:42.781Z,Female,,"86/123, Selvam Street",Siva Nagar,Tirunelveli,Tirunelveli,Tamil Nadu,620086,India,Service,Mani Durai,919700000086,Parent,0
6989f6f110d6138cbc882ef3,6989f6f110d6138cbc882e8e,CONS010087,9800000087,200000000087,Tamilselvi Raman,tamilselvi.raman87@gmail.com,1994-04-29T21:58:23.530Z,Male,,"87/123, Raman Street",Tamilselvi Nagar,Erode,Erode,Tamil Nadu,620087,India,Self-Employed,Naga Pandian,919700000087,Sibling,0
6989f6f110d6138cbc882ef4,6989f6f110d6138cbc882e8f,CONS010088,9800000088,200000000088,Usha Sundaram,usha.sundaram88@gmail.com,1990-08-16T08:34:04.087Z,Female,919500000088,"88/123, Sundaram Street",Usha Nagar,Vellore,Vellore,Tamil Nadu,620088,India,Student,Pandi Shanmugam,919700000088,Spouse,0
6989f6f110d6138cbc882ef5,6989f6f110d6138cbc882e90,CONS010089,9800000089,200000000089,Vijay Venkatesh,vijay.venkatesh89@gmail.com,1962-03-06T13:15:04.430Z,Male,,"89/123, Venkatesh Street",Vijay Nagar,Thanjavur,Thanjavur,Tamil Nadu,620089,India,Business,Rajesh Govindan,919700000089,Parent,0
6989f6f110d6138cbc882ef6,6989f6f110d6138cbc882e91,CONS010090,9800000090,200000000090,Anitha Palani,anitha.palani90@gmail.com,1997-10-04T17:47:56.795Z,Female,,"90/123, Palani Street",Anitha Nagar,Dindigul,Dindigul,Tamil Nadu,620090,India,Service,Suganya Arumugam,919700000090,Sibling,0
6989f6f110d6138cbc882ef7,6989f6f110d6138cbc882e92,CONS010091,9800000091,200000000091,Deva Durai,deva.durai91@gmail.com,1994-01-19T23:14:48.211Z,Male,919500000091,"91/123, Durai Street",Deva Nagar,Chennai,Chennai,Tamil Nadu,620091,India,Self-Employed,Arun Manickam,919700000091,Spouse,0
6989f6f110d6138cbc882ef8,6989f6f110d6138cbc882e93,CONS010092,9800000092,200000000092,Geetha Pandian,geetha.pandian92@gmail.com,1999-08-08T20:07:59.937Z,Female,,"92/123, Pandian Street",Geetha Nagar,Coimbatore,Coimbatore,Tamil Nadu,620092,India,Student,Bharathi Chelladurai,919700000092,Parent,0
6989f6f110d6138cbc882ef9,6989f6f110d6138cbc882e94,CONS010093,9800000093,200000000093,Hari Shanmugam,hari.shanmugam93@gmail.com,1997-01-16T04:56:08.123Z,Male,,"93/123, Shanmugam Street",Hari Nagar,Madurai,Madurai,Tamil Nadu,620093,India,Business,Chandran Muthusamy,919700000093,Sibling,0
6989f6f110d6138cbc882efa,6989f6f110d6138cbc882e95,CONS010094,9800000094,200000000094,Indira Govindan,indira.govindan94@gmail.com,1990-02-28T18:42:44.636Z,Female,919500000094,"94/123, Govindan Street",Indira Nagar,Tiruchirappalli,Tiruchirappalli,Tamil Nadu,620094,India,Service,Deepa Ramasamy,919700000094,Spouse,0
6989f6f110d6138cbc882efb,6989f6f110d6138cbc882e96,CONS010095,9800000095,200000000095,Kamal Arumugam,kamal.arumugam95@gmail.com,1988-12-27T16:55:36.850Z,Male,,"95/123, Arumugam Street",Kamal Nagar,Salem,Salem,Tamil Nadu,620095,India,Self-Employed,Ezhil Velan,919700000095,Parent,0
6989f6f110d6138cbc882efc,6989f6f110d6138cbc882e97,CONS010096,9800000096,200000000096,Mani Manickam,mani.manickam96@gmail.com,1992-05-16T08:49:38.112Z,Female,,"96/123, Manickam Street",Mani Nagar,Tirunelveli,Tirunelveli,Tamil Nadu,620096,India,Student,Fathima Krishnan,919700000096,Sibling,0
6989f6f110d6138cbc882efd,6989f6f110d6138cbc882e98,CONS010097,9800000097,200000000097,Naga Chelladurai,naga.chelladurai97@gmail.com,2000-08-01T00:25:16.465Z,Male,919500000097,"97/123, Chelladurai Street",Naga Nagar,Erode,Erode,Tamil Nadu,620097,India,Business,Ganesh Subramanian,919700000097,Spouse,0
6989f6f110d6138cbc882efe,6989f6f110d6138cbc882e99,CONS010098,9800000098,200000000098,Pandi Muthusamy,pandi.muthusamy98@gmail.com,1969-11-02T13:30:04.751Z,Female,,"98/123, Muthusamy Street",Pandi Nagar,Vellore,Vellore,Tamil Nadu,620098,India,Service,Hema Natarajan,919700000098,Parent,0
6989f6f110d6138cbc882eff,6989f6f110d6138cbc882e9a,CONS010099,9800000099,200000000099,Rajesh Ramasamy,rajesh.ramasamy99@gmail.com,1988-12-26T20:31:48.864Z,Male,,"99/123, Ramasamy Street",Rajesh Nagar,Thanjavur,Thanjavur,Tamil Nadu,620099,India,Self-Employed,Iyappan Pillai,919700000099,Sibling,0
6989f6f110d6138cbc882f00,6989f6f110d6138cbc882e9b,CONS010100,9800000100,200000000100,Suganya Velan,suganya.velan100@gmail.com,1952-11-09T21:09:10.014Z,Female,919500000100,"100/123, Velan Street",Suganya Nagar,Dindigul,Dindigul,Tamil Nadu,620100,India,Student,Janani Murugesan,919700000100,Spouse,0
